{
    "project": {
        "name": "createjs_ui",
        "version": "0.0.1",
        "description": "EaselJS UI Docs",
        "url": "",
        "logo": ""
    },
    "files": {
        "controls/Application.js": {
            "name": "controls/Application.js",
            "modules": {},
            "classes": {},
            "fors": {},
            "namespaces": {}
        },
        "controls/Button.js": {
            "name": "controls/Button.js",
            "modules": {},
            "classes": {},
            "fors": {},
            "namespaces": {}
        },
        "controls/LayoutGroup.js": {
            "name": "controls/LayoutGroup.js",
            "modules": {},
            "classes": {},
            "fors": {},
            "namespaces": {}
        },
        "controls/ScrollArea.js": {
            "name": "controls/ScrollArea.js",
            "modules": {},
            "classes": {},
            "fors": {},
            "namespaces": {}
        },
        "controls/ScrollBar.js": {
            "name": "controls/ScrollBar.js",
            "modules": {},
            "classes": {},
            "fors": {},
            "namespaces": {}
        },
        "controls/ToggleButton.js": {
            "name": "controls/ToggleButton.js",
            "modules": {},
            "classes": {},
            "fors": {},
            "namespaces": {}
        },
        "core/Control.js": {
            "name": "core/Control.js",
            "modules": {},
            "classes": {},
            "fors": {},
            "namespaces": {}
        },
        "layout/HorizontalLayout.js": {
            "name": "layout/HorizontalLayout.js",
            "modules": {},
            "classes": {},
            "fors": {},
            "namespaces": {}
        },
        "layout/Layout.js": {
            "name": "layout/Layout.js",
            "modules": {},
            "classes": {},
            "fors": {},
            "namespaces": {}
        },
        "layout/LayoutAlignment.js": {
            "name": "layout/LayoutAlignment.js",
            "modules": {},
            "classes": {},
            "fors": {},
            "namespaces": {}
        },
        "layout/TiledColumnsLayout.js": {
            "name": "layout/TiledColumnsLayout.js",
            "modules": {},
            "classes": {},
            "fors": {},
            "namespaces": {}
        },
        "layout/TiledLayout.js": {
            "name": "layout/TiledLayout.js",
            "modules": {},
            "classes": {},
            "fors": {},
            "namespaces": {}
        },
        "layout/TiledRowsLayout.js": {
            "name": "layout/TiledRowsLayout.js",
            "modules": {},
            "classes": {},
            "fors": {},
            "namespaces": {}
        },
        "layout/VerticalLayout.js": {
            "name": "layout/VerticalLayout.js",
            "modules": {},
            "classes": {},
            "fors": {},
            "namespaces": {}
        },
        "layout/ViewPortBounds.js": {
            "name": "layout/ViewPortBounds.js",
            "modules": {},
            "classes": {},
            "fors": {},
            "namespaces": {}
        },
        "shapes/Diamond.js": {
            "name": "shapes/Diamond.js",
            "modules": {},
            "classes": {},
            "fors": {},
            "namespaces": {}
        },
        "shapes/Ellipse.js": {
            "name": "shapes/Ellipse.js",
            "modules": {},
            "classes": {},
            "fors": {},
            "namespaces": {}
        },
        "shapes/Rect.js": {
            "name": "shapes/Rect.js",
            "modules": {},
            "classes": {},
            "fors": {},
            "namespaces": {}
        },
        "shapes/Shape.js": {
            "name": "shapes/Shape.js",
            "modules": {},
            "classes": {},
            "fors": {},
            "namespaces": {}
        },
        "skin/Theme.js": {
            "name": "skin/Theme.js",
            "modules": {},
            "classes": {},
            "fors": {},
            "namespaces": {}
        },
        "util/ScaleBitmap.js": {
            "name": "util/ScaleBitmap.js",
            "modules": {},
            "classes": {
                "ScaleBitmap": 1
            },
            "fors": {},
            "namespaces": {}
        },
        "util/mouseWheelSupport.js": {
            "name": "util/mouseWheelSupport.js",
            "modules": {},
            "classes": {},
            "fors": {},
            "namespaces": {}
        },
        "util/resizeSupport.js": {
            "name": "util/resizeSupport.js",
            "modules": {},
            "classes": {},
            "fors": {},
            "namespaces": {}
        },
        "version.js": {
            "name": "version.js",
            "modules": {
                "CreateJSUI": 1
            },
            "classes": {
                "CreateJSUI": 1
            },
            "fors": {},
            "namespaces": {}
        }
    },
    "modules": {
        "CreateJSUI": {
            "name": "CreateJSUI",
            "submodules": {},
            "classes": {
                "ScaleBitmap": 1,
                "CreateJSUI": 1
            },
            "fors": {},
            "namespaces": {},
            "tag": "module",
            "file": "version.js",
            "line": 9
        }
    },
    "classes": {
        "ScaleBitmap": {
            "name": "ScaleBitmap",
            "shortname": "ScaleBitmap",
            "classitems": [],
            "plugins": [],
            "extensions": [],
            "plugin_for": [],
            "extension_for": [],
            "module": "CreateJSUI",
            "file": "util/ScaleBitmap.js",
            "line": 37,
            "description": "A ScaleBitmap represents an Image, Canvas, or Video in the display list and is split into nine separate regions\nto allow independent scaling of each region. This display object can be used to create scaling UI skins, such as\nbuttons and backgrounds with rounded corners. A ScaleBitmap can be instantiated using an existing HTML element,\nor a string, similar to a Bitmap.\n\n<h4>Example</h4>\n     var bitmap = new createjs_ui.ScaleBitmap(\"imagePath.jpg\", new createjs.Rectangle(14, 14, 3, 3));\n     bitmap.setDrawSize(100, 100);\n\nNote: When a string path or image tag that is not yet loaded is used, the stage may need to be redrawn before it\nwill be displayed.",
            "extends": "DisplayObject",
            "is_constructor": 1,
            "params": [
                {
                    "name": "imageOrUri",
                    "description": "The source object or URI to an image to display. This can be either an Image, Canvas, or Video object, or a string URI to an image file to load and use. If it is a URI, a new Image object will be constructed and assigned to the .image property.",
                    "type": "Image | HTMLCanvasElement | HTMLVideoElement | String"
                },
                {
                    "name": "scale9Grid",
                    "description": "The inner rectangle of the nine region grid.",
                    "type": "Rectangle"
                }
            ]
        },
        "CreateJSUI": {
            "name": "CreateJSUI",
            "shortname": "CreateJSUI",
            "classitems": [],
            "plugins": [],
            "extensions": [],
            "plugin_for": [],
            "extension_for": [],
            "module": "CreateJSUI",
            "namespace": "",
            "file": "version.js",
            "line": 9,
            "description": "Static class holding library specific information such as the version and buildDate of\nthe library."
        }
    },
    "classitems": [
        {
            "file": "controls/Application.js",
            "line": 4,
            "description": "basic application stub you can use to create an easy application.\nAssumes you want to update the stage at 30 fps, listen to resize \nevents of the browser window and (if you want a mobile )\nand mousewheel events",
            "params": [
                {
                    "name": "stage",
                    "description": ""
                },
                {
                    "name": "mobile",
                    "description": ""
                }
            ],
            "is_constructor": 1,
            "class": "ScaleBitmap"
        },
        {
            "file": "controls/Application.js",
            "line": 28,
            "description": "add touch events, set fps to 30 and enable mouseover, mousewheel and \nresize, not in the constructor but as own function so it can be called\nafter destroy to reinitialize the application",
            "class": "ScaleBitmap"
        },
        {
            "file": "controls/Application.js",
            "line": 56,
            "description": "do the opposite of init:\nremove touch events, disable mouseover, mousewheel and resize",
            "class": "ScaleBitmap"
        },
        {
            "file": "controls/Button.js",
            "line": 4,
            "description": "basic button with different stages to show mouse/touch feedback",
            "class": "ScaleBitmap"
        },
        {
            "file": "controls/Button.js",
            "line": 34,
            "description": "The current touch state of the button.",
            "class": "ScaleBitmap"
        },
        {
            "file": "controls/Button.js",
            "line": 41,
            "access": "private",
            "tagname": "",
            "class": "ScaleBitmap"
        },
        {
            "file": "controls/Button.js",
            "line": 61,
            "description": "Enables or disables the button functionality on the Butten.",
            "see": [
                "http://www.createjs.com/Docs/EaselJS/files/easeljs_ui_ButtonHelper.js.html#l39"
            ],
            "itemtype": "method",
            "name": "setEnabled",
            "params": [
                {
                    "name": "value",
                    "description": "",
                    "type": "Boolean"
                }
            ],
            "class": "ScaleBitmap"
        },
        {
            "file": "controls/Button.js",
            "line": 96,
            "description": "create or update label",
            "class": "ScaleBitmap"
        },
        {
            "file": "controls/Button.js",
            "line": 131,
            "description": "redraw button",
            "see": [
                "createjs_ui.Control.prototype.redraw"
            ],
            "class": "ScaleBitmap"
        },
        {
            "file": "controls/Button.js",
            "line": 145,
            "description": "handle Mouse Event\nTODO: handle multi-touch (?)",
            "see": [
                "http://www.createjs.com/Docs/EaselJS/files/easeljs_ui_ButtonHelper.js.html#l197"
            ],
            "itemtype": "method",
            "name": "handleEvent",
            "params": [
                {
                    "name": "evt",
                    "description": "The mouse event to handle.",
                    "type": "Object"
                }
            ],
            "access": "protected",
            "tagname": "",
            "class": "ScaleBitmap"
        },
        {
            "file": "controls/LayoutGroup.js",
            "line": 7,
            "description": "base for all UI controls (see controls/)\nbased on createjs-Container that supports adding children, so all\ncontrols are containers",
            "class": "ScaleBitmap"
        },
        {
            "file": "controls/LayoutGroup.js",
            "line": 113,
            "inheritdoc": "",
            "class": "ScaleBitmap"
        },
        {
            "file": "controls/ScrollArea.js",
            "line": 28,
            "description": "Enables or disables the button functionality on the Butten.",
            "see": [
                "http://www.createjs.com/Docs/EaselJS/files/easeljs_ui_ButtonHelper.js.html#l39"
            ],
            "itemtype": "method",
            "name": "setEnabled",
            "params": [
                {
                    "name": "value",
                    "description": "",
                    "type": "Boolean"
                }
            ],
            "class": "ScaleBitmap"
        },
        {
            "file": "controls/ScrollArea.js",
            "line": 48,
            "description": "check, if the layout of the content is horizontally alligned",
            "class": "ScaleBitmap"
        },
        {
            "file": "controls/ScrollArea.js",
            "line": 56,
            "description": "test if content width bigger than this width but content height is \nsmaller than this height (so we allow scrolling in only one direction)",
            "class": "ScaleBitmap"
        },
        {
            "file": "controls/ScrollArea.js",
            "line": 155,
            "description": "do not remove children - we just have a content\noverride addChild to prevent the developer from adding more than one context",
            "params": [
                {
                    "name": "child",
                    "description": ""
                }
            ],
            "class": "ScaleBitmap"
        },
        {
            "file": "controls/ScrollArea.js",
            "line": 183,
            "description": "draw mask (can be overwritten, e.g. to show something above the \nscroll area when using a vertical layout)",
            "access": "private",
            "tagname": "",
            "class": "ScaleBitmap"
        },
        {
            "file": "controls/ScrollBar.js",
            "line": 59,
            "description": "scroll content to position",
            "class": "ScaleBitmap"
        },
        {
            "file": "controls/ScrollBar.js",
            "line": 86,
            "description": "move the thumb on the scroll bar within its bounds",
            "params": [
                {
                    "name": "x",
                    "description": "new calculated x position of the thumb"
                },
                {
                    "name": "y",
                    "description": "new calculated y position of the thumb"
                }
            ],
            "return": {
                "description": "returns true if the position of the thumb has been\nmoved",
                "type": "Boolean"
            },
            "class": "ScaleBitmap"
        },
        {
            "file": "controls/ToggleButton.js",
            "line": 4,
            "description": "basic button with different stages to show mouse/touch feedback",
            "class": "ScaleBitmap"
        },
        {
            "file": "controls/ToggleButton.js",
            "line": 47,
            "description": "toggle state",
            "class": "ScaleBitmap"
        },
        {
            "file": "controls/ToggleButton.js",
            "line": 54,
            "description": "handle Mouse Event\nTODO: handle multi-touch",
            "see": [
                "http://www.createjs.com/Docs/EaselJS/files/easeljs_ui_ButtonHelper.js.html#l197"
            ],
            "itemtype": "method",
            "name": "handleEvent",
            "params": [
                {
                    "name": "evt",
                    "description": "The mouse event to handle.",
                    "type": "Object"
                }
            ],
            "access": "protected",
            "tagname": "",
            "class": "ScaleBitmap"
        },
        {
            "file": "core/Control.js",
            "line": 7,
            "description": "base for all UI controls (see controls/)\nbased on createjs-Container that supports adding children, so all\ncontrols are containers",
            "class": "ScaleBitmap"
        },
        {
            "file": "core/Control.js",
            "line": 29,
            "description": "set (another) theme\nif this is not set the default theme createjs_ui.theme will be used\nwill also be called by constructor to set initial theme",
            "class": "ScaleBitmap"
        },
        {
            "file": "core/Control.js",
            "line": 51,
            "description": "remove old skin and add new one",
            "class": "ScaleBitmap"
        },
        {
            "file": "core/Control.js",
            "line": 75,
            "description": "returns true if dimensions have changed",
            "class": "ScaleBitmap"
        },
        {
            "file": "core/Control.js",
            "line": 83,
            "description": "get image from skin (will execute a callback with the loaded skin\nwhen it is loaded or call it directly when it already is loaded)",
            "class": "ScaleBitmap"
        },
        {
            "file": "core/Control.js",
            "line": 108,
            "description": "redraw control for current state from theme",
            "class": "ScaleBitmap"
        },
        {
            "file": "core/Control.js",
            "line": 124,
            "inheritdoc": "",
            "class": "ScaleBitmap"
        },
        {
            "file": "core/Control.js",
            "line": 134,
            "description": "The current touch state of the button.",
            "class": "ScaleBitmap"
        },
        {
            "file": "core/Control.js",
            "line": 141,
            "access": "private",
            "tagname": "",
            "class": "ScaleBitmap"
        },
        {
            "file": "layout/HorizontalLayout.js",
            "line": 4,
            "description": "HorizontalLayout - just set alignment to\nLayoutAlignment.HORIZONTAL_ALIGNMENT",
            "class": "ScaleBitmap"
        },
        {
            "file": "layout/Layout.js",
            "line": 6,
            "description": "basic layout stub - see LayoutAlignment",
            "class": "ScaleBitmap"
        },
        {
            "file": "layout/Layout.js",
            "line": 14,
            "description": "If the total item height is smaller than the height of the bounds,\nthe items will be aligned to the top.",
            "class": "ScaleBitmap"
        },
        {
            "file": "layout/Layout.js",
            "line": 20,
            "description": "If the total item height is smaller than the height of the bounds,\nthe items will be aligned to the middle.",
            "class": "ScaleBitmap"
        },
        {
            "file": "layout/Layout.js",
            "line": 28,
            "description": "If the total item height is smaller than the height of the bounds,\nthe items will be aligned to the bottom.",
            "class": "ScaleBitmap"
        },
        {
            "file": "layout/Layout.js",
            "line": 34,
            "description": "If the total item width is smaller than the width of the bounds, the\nitems will be aligned to the left.",
            "class": "ScaleBitmap"
        },
        {
            "file": "layout/Layout.js",
            "line": 40,
            "description": "If the total item width is smaller than the width of the bounds, the\nitems will be aligned to the center.",
            "class": "ScaleBitmap"
        },
        {
            "file": "layout/Layout.js",
            "line": 46,
            "description": "If the total item width is smaller than the width of the bounds, the\nitems will be aligned to the right.",
            "class": "ScaleBitmap"
        },
        {
            "file": "layout/Layout.js",
            "line": 54,
            "description": "The space, in pixels, between items.",
            "class": "ScaleBitmap"
        },
        {
            "file": "layout/Layout.js",
            "line": 70,
            "description": "The space, in pixels, between items.",
            "class": "ScaleBitmap"
        },
        {
            "file": "layout/Layout.js",
            "line": 77,
            "description": "shotrtcut to set all paddings",
            "class": "ScaleBitmap"
        },
        {
            "file": "layout/Layout.js",
            "line": 88,
            "description": "The minimum space, in pixels, above the items.",
            "default": "0",
            "class": "ScaleBitmap"
        },
        {
            "file": "layout/Layout.js",
            "line": 106,
            "description": "The minimum space, in pixels, below the items.",
            "default": "0",
            "class": "ScaleBitmap"
        },
        {
            "file": "layout/Layout.js",
            "line": 124,
            "description": "The space, in pixels, that appears to the left, before the first\nitem.",
            "default": "0",
            "class": "ScaleBitmap"
        },
        {
            "file": "layout/Layout.js",
            "line": 143,
            "description": "The space, in pixels, that appears to the right, after the last item.",
            "default": "0",
            "class": "ScaleBitmap"
        },
        {
            "file": "layout/Layout.js",
            "line": 161,
            "description": "Positions (and possibly resizes) the supplied items.",
            "params": [
                {
                    "name": "items",
                    "description": "items that will be layouted"
                },
                {
                    "name": "viewPortBounds",
                    "description": ""
                }
            ],
            "class": "ScaleBitmap"
        },
        {
            "file": "layout/LayoutAlignment.js",
            "line": 6,
            "description": "TODO: write documentation & tutorial\nbasic layout",
            "class": "ScaleBitmap"
        },
        {
            "file": "layout/LayoutAlignment.js",
            "line": 18,
            "description": "apply percentage width/height to items.\npercentages have higher priorities than fixed with.\nSo if you set a width higher than 0 but also percentWidth,\nthe width will be recalculated according to percentWidth.",
            "params": [
                {
                    "name": "items",
                    "description": ""
                },
                {
                    "name": "explicit",
                    "description": "space we have for the components\n(this function will handle padding and gap, so the explicitWidth is\n for the whole available width)"
                }
            ],
            "class": "ScaleBitmap"
        },
        {
            "file": "layout/LayoutAlignment.js",
            "line": 84,
            "description": "get current gap (includes first and last gap)",
            "params": [
                {
                    "name": "i",
                    "description": "current item position"
                },
                {
                    "name": "items",
                    "description": "list of items (to determine if we are at the last gap)"
                }
            ],
            "class": "ScaleBitmap"
        },
        {
            "file": "layout/TiledColumnsLayout.js",
            "line": 1,
            "description": "Tiled columns Layout\n(roughly based on starling TiledColumnsLayout)",
            "class": "ScaleBitmap"
        },
        {
            "file": "layout/TiledColumnsLayout.js",
            "line": 11,
            "description": "basic layout stub",
            "class": "ScaleBitmap"
        },
        {
            "file": "layout/TiledColumnsLayout.js",
            "line": 22,
            "description": "Quickly sets both <code>horizontalGap</code> and <code>verticalGap</code>\nto the same value. The <code>gap</code> getter always returns the\nvalue of <code>verticalGap</code>, but the value of\n<code>horizontalGap</code> may be different.",
            "default": "0",
            "see": [
                "#_horizontalGap",
                "#_verticalGap"
            ],
            "class": "ScaleBitmap"
        },
        {
            "file": "layout/TiledLayout.js",
            "line": 4,
            "description": "HorizontalLayout - just set alignment to\nLayoutAlignment.HORIZONTAL_ALIGNMENT",
            "class": "ScaleBitmap"
        },
        {
            "file": "layout/TiledLayout.js",
            "line": 25,
            "description": "If an item height is smaller than the height of a tile, the item will\nbe aligned to the top edge of the tile.",
            "see": [
                "#tileVerticalAlign"
            ],
            "class": "ScaleBitmap"
        },
        {
            "file": "layout/TiledLayout.js",
            "line": 33,
            "description": "If an item height is smaller than the height of a tile, the item will\nbe aligned to the middle of the tile.",
            "see": [
                "#tileVerticalAlign"
            ],
            "class": "ScaleBitmap"
        },
        {
            "file": "layout/TiledLayout.js",
            "line": 41,
            "description": "If an item height is smaller than the height of a tile, the item will\nbe aligned to the bottom edge of the tile.",
            "see": [
                "#tileVerticalAlign"
            ],
            "class": "ScaleBitmap"
        },
        {
            "file": "layout/TiledLayout.js",
            "line": 49,
            "description": "The item will be resized to fit the height of the tile.",
            "see": [
                "#tileVerticalAlign"
            ],
            "class": "ScaleBitmap"
        },
        {
            "file": "layout/TiledLayout.js",
            "line": 56,
            "description": "If an item width is smaller than the width of a tile, the item will\nbe aligned to the left edge of the tile.",
            "see": [
                "#tileHorizontalAlign"
            ],
            "class": "ScaleBitmap"
        },
        {
            "file": "layout/TiledLayout.js",
            "line": 64,
            "description": "If an item width is smaller than the width of a tile, the item will\nbe aligned to the center of the tile.",
            "see": [
                "#tileHorizontalAlign"
            ],
            "class": "ScaleBitmap"
        },
        {
            "file": "layout/TiledLayout.js",
            "line": 72,
            "description": "If an item width is smaller than the width of a tile, the item will\nbe aligned to the right edge of the tile.",
            "see": [
                "#tileHorizontalAlign"
            ],
            "class": "ScaleBitmap"
        },
        {
            "file": "layout/TiledLayout.js",
            "line": 80,
            "description": "The item will be resized to fit the width of the tile.",
            "see": [
                "#tileHorizontalAlign"
            ],
            "class": "ScaleBitmap"
        },
        {
            "file": "layout/TiledLayout.js",
            "line": 87,
            "description": "The items will be positioned in pages horizontally from left to right.",
            "see": [
                "#paging"
            ],
            "class": "ScaleBitmap"
        },
        {
            "file": "layout/TiledLayout.js",
            "line": 94,
            "description": "The items will be positioned in pages vertically from top to bottom.",
            "see": [
                "#paging"
            ],
            "class": "ScaleBitmap"
        },
        {
            "file": "layout/TiledLayout.js",
            "line": 102,
            "description": "Positions (and possibly resizes) the supplied items.",
            "params": [
                {
                    "name": "items",
                    "description": "items that will be layouted"
                },
                {
                    "name": "viewPortBounds",
                    "description": ""
                }
            ],
            "class": "ScaleBitmap"
        },
        {
            "file": "layout/TiledRowsLayout.js",
            "line": 1,
            "description": "Tiled columns Layout\n(roughly based on starling TiledColumnsLayout)",
            "class": "ScaleBitmap"
        },
        {
            "file": "layout/TiledRowsLayout.js",
            "line": 11,
            "description": "basic layout stub",
            "class": "ScaleBitmap"
        },
        {
            "file": "layout/TiledRowsLayout.js",
            "line": 22,
            "description": "Quickly sets both <code>horizontalGap</code> and <code>verticalGap</code>\nto the same value. The <code>gap</code> getter always returns the\nvalue of <code>horizontalGap</code>, but the value of\n<code>verticalGap</code> may be different.",
            "default": "0",
            "see": [
                "#_horizontalGap",
                "#_verticalGap"
            ],
            "class": "ScaleBitmap"
        },
        {
            "file": "layout/VerticalLayout.js",
            "line": 4,
            "description": "VerticalLayout - just set alignment to\nLayoutAlignment.Vertical_ALIGNMENT",
            "class": "ScaleBitmap"
        },
        {
            "file": "layout/ViewPortBounds.js",
            "line": 1,
            "description": "LayoutBoundsResult",
            "class": "ScaleBitmap"
        },
        {
            "file": "layout/ViewPortBounds.js",
            "line": 16,
            "description": "The explicit width of the view port, in pixels. If <code>NaN</code>,\nthere is no explicit width value.",
            "class": "ScaleBitmap"
        },
        {
            "file": "layout/ViewPortBounds.js",
            "line": 22,
            "description": "The explicit height of the view port, in pixels. If <code>NaN</code>,\nthere is no explicit height value.",
            "class": "ScaleBitmap"
        },
        {
            "file": "shapes/Diamond.js",
            "line": 4,
            "description": "just a resizable rectangle",
            "class": "ScaleBitmap"
        },
        {
            "file": "shapes/Ellipse.js",
            "line": 4,
            "description": "just a resizable rectangle",
            "class": "ScaleBitmap"
        },
        {
            "file": "shapes/Rect.js",
            "line": 4,
            "description": "just a resizable rectangle",
            "class": "ScaleBitmap"
        },
        {
            "file": "shapes/Shape.js",
            "line": 4,
            "description": "just a resizable rectangle",
            "class": "ScaleBitmap"
        },
        {
            "file": "shapes/Shape.js",
            "line": 18,
            "description": "the default shape only supports linearGradientFill, for radial gradients\noverride the applyColors function",
            "params": [
                {
                    "name": "colors",
                    "description": ""
                },
                {
                    "name": "ratios",
                    "description": ""
                }
            ],
            "class": "ScaleBitmap"
        },
        {
            "file": "shapes/Shape.js",
            "line": 85,
            "description": "draw the inner of the shape (call one of the draw... functions from\neaseljs/display/Graphics.js)",
            "class": "ScaleBitmap"
        },
        {
            "file": "shapes/Shape.js",
            "line": 111,
            "inheritdoc": "",
            "class": "ScaleBitmap"
        },
        {
            "file": "skin/Theme.js",
            "line": 14,
            "description": "base functions for all themes",
            "class": "ScaleBitmap"
        },
        {
            "file": "skin/Theme.js",
            "line": 51,
            "description": "set skin for ui component",
            "params": [
                {
                    "name": "comp",
                    "description": "ui-component that we want to skin, e.g. \"button\""
                },
                {
                    "name": "id",
                    "description": "id for the skin\n(e.g. state when the skinning function will be applied"
                },
                {
                    "name": "skin",
                    "description": "skin-function that will executed once the component gets\nupdated"
                }
            ],
            "class": "ScaleBitmap"
        },
        {
            "file": "skin/Theme.js",
            "line": 73,
            "description": "remove theme from global context",
            "class": "ScaleBitmap"
        },
        {
            "file": "util/ScaleBitmap.js",
            "line": 72,
            "description": "The image to render. This can be an Image, a Canvas, or a Video.",
            "itemtype": "property",
            "name": "image",
            "type": "Image | HTMLCanvasElement | HTMLVideoElement",
            "class": "ScaleBitmap"
        },
        {
            "file": "util/ScaleBitmap.js",
            "line": 79,
            "description": "Whether or not the ScaleBitmap should be draw to the canvas at whole pixel coordinates.",
            "itemtype": "property",
            "name": "snapToPixel",
            "type": "Boolean",
            "default": "true",
            "class": "ScaleBitmap"
        },
        {
            "file": "util/ScaleBitmap.js",
            "line": 87,
            "description": "Specifies the inner rectangle of the nine region scaling grid.",
            "itemtype": "property",
            "name": "scale9Grid",
            "type": "Rectangle",
            "class": "ScaleBitmap"
        },
        {
            "file": "util/ScaleBitmap.js",
            "line": 94,
            "description": "Specifies the width of the drawn ScaleBitmap.",
            "itemtype": "property",
            "name": "drawWidth",
            "type": "Number",
            "default": "The original width of the image.",
            "class": "ScaleBitmap"
        },
        {
            "file": "util/ScaleBitmap.js",
            "line": 102,
            "description": "Specifies the height of the drawn ScaleBitmap.",
            "itemtype": "property",
            "name": "drawHeight",
            "type": "Number",
            "default": "The original height of the image.",
            "class": "ScaleBitmap"
        },
        {
            "file": "util/ScaleBitmap.js",
            "line": 112,
            "itemtype": "property",
            "name": "DisplayObject_initialize",
            "type": "Function",
            "access": "private",
            "tagname": "",
            "class": "ScaleBitmap"
        },
        {
            "file": "util/ScaleBitmap.js",
            "line": 121,
            "description": "Changes the dimensions used the draw the ScaleBitmap.",
            "itemtype": "method",
            "name": "setDrawSize",
            "params": [
                {
                    "name": "newWidth",
                    "description": "The new width of the drawn ScaleBitmap.",
                    "type": "Number"
                },
                {
                    "name": "newHeight",
                    "description": "The new height of the drawn ScaleBitmap.",
                    "type": "Number"
                }
            ],
            "class": "ScaleBitmap"
        },
        {
            "file": "util/ScaleBitmap.js",
            "line": 133,
            "description": "Returns true or false indicating whether the display object would be visible if drawn to a canvas.\nThis does not account for whether it would be visible within the boundaries of the stage.\nNOTE: This method is mainly for internal use, though it may be useful for advanced uses.",
            "itemtype": "method",
            "name": "isVisible",
            "return": {
                "description": "Boolean indicating whether the display object would be visible if drawn to a canvas",
                "type": "Boolean"
            },
            "class": "ScaleBitmap"
        },
        {
            "file": "util/ScaleBitmap.js",
            "line": 145,
            "itemtype": "property",
            "name": "DisplayObject_draw",
            "type": "Function",
            "access": "private",
            "tagname": "",
            "class": "ScaleBitmap"
        },
        {
            "file": "util/ScaleBitmap.js",
            "line": 152,
            "description": "Draws the display object into the specified context ignoring it's visible, alpha, shadow, and transform.\nReturns true if the draw was handled (useful for overriding functionality).\nNOTE: This method is mainly for internal use, though it may be useful for advanced uses.",
            "itemtype": "method",
            "name": "draw",
            "params": [
                {
                    "name": "ctx",
                    "description": "The canvas 2D context object to draw into.",
                    "type": "CanvasRenderingContext2D"
                },
                {
                    "name": "ignoreCache",
                    "description": "Indicates whether the draw operation should ignore any current cache.\nFor example, used for drawing the cache (to prevent it from simply drawing an existing cache back\ninto itself).",
                    "type": "Boolean"
                }
            ],
            "class": "ScaleBitmap"
        },
        {
            "file": "util/ScaleBitmap.js",
            "line": 240,
            "description": "Returns a clone of the ScaleBitmap instance.",
            "itemtype": "method",
            "name": "clone",
            "return": {
                "description": "a clone of the ScaleBitmap instance.",
                "type": "ScaleBitmap"
            },
            "class": "ScaleBitmap"
        },
        {
            "file": "util/ScaleBitmap.js",
            "line": 252,
            "description": "Returns a string representation of this object.",
            "itemtype": "method",
            "name": "toString",
            "return": {
                "description": "a string representation of the instance.",
                "type": "String"
            },
            "class": "ScaleBitmap"
        },
        {
            "file": "util/mouseWheelSupport.js",
            "line": 4,
            "description": "enable or disable mouse wheel support for canvas (e.g. for scroller)\nusing HTML 5 scrolling. will do nothing if it is already activated/\ndeactivated\nbased on http://www.sitepoint.com/html5-javascript-mouse-wheel/",
            "params": [
                {
                    "name": "stage",
                    "description": "the EaselJS-stage"
                },
                {
                    "name": "enable",
                    "description": "true to enable mouse support, false to disable,"
                }
            ],
            "class": "CreateJSUI"
        },
        {
            "file": "util/resizeSupport.js",
            "line": 16,
            "description": "throw an event on the stage that the canvas has been resized.",
            "params": [
                {
                    "name": "stage",
                    "description": "the EaselJS-stage"
                },
                {
                    "name": "enable",
                    "description": "true to enable resize support, false to disable,"
                },
                {
                    "name": "fullwindow",
                    "description": "automatically resize the canvas to full window inner size"
                }
            ],
            "class": "CreateJSUI"
        },
        {
            "file": "version.js",
            "line": 16,
            "description": "The version string for this release.",
            "itemtype": "property",
            "name": "version",
            "type": "String",
            "static": 1,
            "class": "CreateJSUI",
            "module": "CreateJSUI"
        },
        {
            "file": "version.js",
            "line": 24,
            "description": "The build date for this release in UTC format.",
            "itemtype": "property",
            "name": "buildDate",
            "type": "String",
            "static": 1,
            "class": "CreateJSUI",
            "module": "CreateJSUI"
        }
    ],
    "warnings": [
        {
            "message": "unknown tag: inheritdoc",
            "line": " controls/LayoutGroup.js:113"
        },
        {
            "message": "replacing incorrect tag: returns with return",
            "line": " controls/ScrollBar.js:86"
        },
        {
            "message": "unknown tag: inheritdoc",
            "line": " core/Control.js:124"
        },
        {
            "message": "unknown tag: inheritdoc",
            "line": " shapes/Shape.js:111"
        },
        {
            "message": "Missing item type\nbasic application stub you can use to create an easy application.\nAssumes you want to update the stage at 30 fps, listen to resize \nevents of the browser window and (if you want a mobile )\nand mousewheel events",
            "line": " controls/Application.js:4"
        },
        {
            "message": "Missing item type\nadd touch events, set fps to 30 and enable mouseover, mousewheel and \nresize, not in the constructor but as own function so it can be called\nafter destroy to reinitialize the application",
            "line": " controls/Application.js:28"
        },
        {
            "message": "Missing item type\ndo the opposite of init:\nremove touch events, disable mouseover, mousewheel and resize",
            "line": " controls/Application.js:56"
        },
        {
            "message": "Missing item type\nbasic button with different stages to show mouse/touch feedback",
            "line": " controls/Button.js:4"
        },
        {
            "message": "Missing item type\nThe current touch state of the button.",
            "line": " controls/Button.js:34"
        },
        {
            "message": "Missing item type",
            "line": " controls/Button.js:41"
        },
        {
            "message": "Missing item type\ncreate or update label",
            "line": " controls/Button.js:96"
        },
        {
            "message": "Missing item type\nredraw button",
            "line": " controls/Button.js:131"
        },
        {
            "message": "Missing item type\nbase for all UI controls (see controls/)\nbased on createjs-Container that supports adding children, so all\ncontrols are containers",
            "line": " controls/LayoutGroup.js:7"
        },
        {
            "message": "Missing item type",
            "line": " controls/LayoutGroup.js:113"
        },
        {
            "message": "Missing item type\ncheck, if the layout of the content is horizontally alligned",
            "line": " controls/ScrollArea.js:48"
        },
        {
            "message": "Missing item type\ntest if content width bigger than this width but content height is \nsmaller than this height (so we allow scrolling in only one direction)",
            "line": " controls/ScrollArea.js:56"
        },
        {
            "message": "Missing item type\ndo not remove children - we just have a content\noverride addChild to prevent the developer from adding more than one context",
            "line": " controls/ScrollArea.js:155"
        },
        {
            "message": "Missing item type\ndraw mask (can be overwritten, e.g. to show something above the \nscroll area when using a vertical layout)",
            "line": " controls/ScrollArea.js:183"
        },
        {
            "message": "Missing item type\nscroll content to position",
            "line": " controls/ScrollBar.js:59"
        },
        {
            "message": "Missing item type\nmove the thumb on the scroll bar within its bounds",
            "line": " controls/ScrollBar.js:86"
        },
        {
            "message": "Missing item type\nbasic button with different stages to show mouse/touch feedback",
            "line": " controls/ToggleButton.js:4"
        },
        {
            "message": "Missing item type\ntoggle state",
            "line": " controls/ToggleButton.js:47"
        },
        {
            "message": "Missing item type\nbase for all UI controls (see controls/)\nbased on createjs-Container that supports adding children, so all\ncontrols are containers",
            "line": " core/Control.js:7"
        },
        {
            "message": "Missing item type\nset (another) theme\nif this is not set the default theme createjs_ui.theme will be used\nwill also be called by constructor to set initial theme",
            "line": " core/Control.js:29"
        },
        {
            "message": "Missing item type\nremove old skin and add new one",
            "line": " core/Control.js:51"
        },
        {
            "message": "Missing item type\nreturns true if dimensions have changed",
            "line": " core/Control.js:75"
        },
        {
            "message": "Missing item type\nget image from skin (will execute a callback with the loaded skin\nwhen it is loaded or call it directly when it already is loaded)",
            "line": " core/Control.js:83"
        },
        {
            "message": "Missing item type\nredraw control for current state from theme",
            "line": " core/Control.js:108"
        },
        {
            "message": "Missing item type",
            "line": " core/Control.js:124"
        },
        {
            "message": "Missing item type\nThe current touch state of the button.",
            "line": " core/Control.js:134"
        },
        {
            "message": "Missing item type",
            "line": " core/Control.js:141"
        },
        {
            "message": "Missing item type\nHorizontalLayout - just set alignment to\nLayoutAlignment.HORIZONTAL_ALIGNMENT",
            "line": " layout/HorizontalLayout.js:4"
        },
        {
            "message": "Missing item type\nbasic layout stub - see LayoutAlignment",
            "line": " layout/Layout.js:6"
        },
        {
            "message": "Missing item type\nIf the total item height is smaller than the height of the bounds,\nthe items will be aligned to the top.",
            "line": " layout/Layout.js:14"
        },
        {
            "message": "Missing item type\nIf the total item height is smaller than the height of the bounds,\nthe items will be aligned to the middle.",
            "line": " layout/Layout.js:20"
        },
        {
            "message": "Missing item type\nIf the total item height is smaller than the height of the bounds,\nthe items will be aligned to the bottom.",
            "line": " layout/Layout.js:28"
        },
        {
            "message": "Missing item type\nIf the total item width is smaller than the width of the bounds, the\nitems will be aligned to the left.",
            "line": " layout/Layout.js:34"
        },
        {
            "message": "Missing item type\nIf the total item width is smaller than the width of the bounds, the\nitems will be aligned to the center.",
            "line": " layout/Layout.js:40"
        },
        {
            "message": "Missing item type\nIf the total item width is smaller than the width of the bounds, the\nitems will be aligned to the right.",
            "line": " layout/Layout.js:46"
        },
        {
            "message": "Missing item type\nThe space, in pixels, between items.",
            "line": " layout/Layout.js:54"
        },
        {
            "message": "Missing item type\nThe space, in pixels, between items.",
            "line": " layout/Layout.js:70"
        },
        {
            "message": "Missing item type\nshotrtcut to set all paddings",
            "line": " layout/Layout.js:77"
        },
        {
            "message": "Missing item type\nThe minimum space, in pixels, above the items.",
            "line": " layout/Layout.js:88"
        },
        {
            "message": "Missing item type\nThe minimum space, in pixels, below the items.",
            "line": " layout/Layout.js:106"
        },
        {
            "message": "Missing item type\nThe space, in pixels, that appears to the left, before the first\nitem.",
            "line": " layout/Layout.js:124"
        },
        {
            "message": "Missing item type\nThe space, in pixels, that appears to the right, after the last item.",
            "line": " layout/Layout.js:143"
        },
        {
            "message": "Missing item type\nPositions (and possibly resizes) the supplied items.",
            "line": " layout/Layout.js:161"
        },
        {
            "message": "Missing item type\nTODO: write documentation & tutorial\nbasic layout",
            "line": " layout/LayoutAlignment.js:6"
        },
        {
            "message": "Missing item type\napply percentage width/height to items.\npercentages have higher priorities than fixed with.\nSo if you set a width higher than 0 but also percentWidth,\nthe width will be recalculated according to percentWidth.",
            "line": " layout/LayoutAlignment.js:18"
        },
        {
            "message": "Missing item type\nget current gap (includes first and last gap)",
            "line": " layout/LayoutAlignment.js:84"
        },
        {
            "message": "Missing item type\nTiled columns Layout\n(roughly based on starling TiledColumnsLayout)",
            "line": " layout/TiledColumnsLayout.js:1"
        },
        {
            "message": "Missing item type\nbasic layout stub",
            "line": " layout/TiledColumnsLayout.js:11"
        },
        {
            "message": "Missing item type\nQuickly sets both <code>horizontalGap</code> and <code>verticalGap</code>\nto the same value. The <code>gap</code> getter always returns the\nvalue of <code>verticalGap</code>, but the value of\n<code>horizontalGap</code> may be different.",
            "line": " layout/TiledColumnsLayout.js:22"
        },
        {
            "message": "Missing item type\nHorizontalLayout - just set alignment to\nLayoutAlignment.HORIZONTAL_ALIGNMENT",
            "line": " layout/TiledLayout.js:4"
        },
        {
            "message": "Missing item type\nIf an item height is smaller than the height of a tile, the item will\nbe aligned to the top edge of the tile.",
            "line": " layout/TiledLayout.js:25"
        },
        {
            "message": "Missing item type\nIf an item height is smaller than the height of a tile, the item will\nbe aligned to the middle of the tile.",
            "line": " layout/TiledLayout.js:33"
        },
        {
            "message": "Missing item type\nIf an item height is smaller than the height of a tile, the item will\nbe aligned to the bottom edge of the tile.",
            "line": " layout/TiledLayout.js:41"
        },
        {
            "message": "Missing item type\nThe item will be resized to fit the height of the tile.",
            "line": " layout/TiledLayout.js:49"
        },
        {
            "message": "Missing item type\nIf an item width is smaller than the width of a tile, the item will\nbe aligned to the left edge of the tile.",
            "line": " layout/TiledLayout.js:56"
        },
        {
            "message": "Missing item type\nIf an item width is smaller than the width of a tile, the item will\nbe aligned to the center of the tile.",
            "line": " layout/TiledLayout.js:64"
        },
        {
            "message": "Missing item type\nIf an item width is smaller than the width of a tile, the item will\nbe aligned to the right edge of the tile.",
            "line": " layout/TiledLayout.js:72"
        },
        {
            "message": "Missing item type\nThe item will be resized to fit the width of the tile.",
            "line": " layout/TiledLayout.js:80"
        },
        {
            "message": "Missing item type\nThe items will be positioned in pages horizontally from left to right.",
            "line": " layout/TiledLayout.js:87"
        },
        {
            "message": "Missing item type\nThe items will be positioned in pages vertically from top to bottom.",
            "line": " layout/TiledLayout.js:94"
        },
        {
            "message": "Missing item type\nPositions (and possibly resizes) the supplied items.",
            "line": " layout/TiledLayout.js:102"
        },
        {
            "message": "Missing item type\nTiled columns Layout\n(roughly based on starling TiledColumnsLayout)",
            "line": " layout/TiledRowsLayout.js:1"
        },
        {
            "message": "Missing item type\nbasic layout stub",
            "line": " layout/TiledRowsLayout.js:11"
        },
        {
            "message": "Missing item type\nQuickly sets both <code>horizontalGap</code> and <code>verticalGap</code>\nto the same value. The <code>gap</code> getter always returns the\nvalue of <code>horizontalGap</code>, but the value of\n<code>verticalGap</code> may be different.",
            "line": " layout/TiledRowsLayout.js:22"
        },
        {
            "message": "Missing item type\nVerticalLayout - just set alignment to\nLayoutAlignment.Vertical_ALIGNMENT",
            "line": " layout/VerticalLayout.js:4"
        },
        {
            "message": "Missing item type\nLayoutBoundsResult",
            "line": " layout/ViewPortBounds.js:1"
        },
        {
            "message": "Missing item type\nThe explicit width of the view port, in pixels. If <code>NaN</code>,\nthere is no explicit width value.",
            "line": " layout/ViewPortBounds.js:16"
        },
        {
            "message": "Missing item type\nThe explicit height of the view port, in pixels. If <code>NaN</code>,\nthere is no explicit height value.",
            "line": " layout/ViewPortBounds.js:22"
        },
        {
            "message": "Missing item type\njust a resizable rectangle",
            "line": " shapes/Diamond.js:4"
        },
        {
            "message": "Missing item type\njust a resizable rectangle",
            "line": " shapes/Ellipse.js:4"
        },
        {
            "message": "Missing item type\njust a resizable rectangle",
            "line": " shapes/Rect.js:4"
        },
        {
            "message": "Missing item type\njust a resizable rectangle",
            "line": " shapes/Shape.js:4"
        },
        {
            "message": "Missing item type\nthe default shape only supports linearGradientFill, for radial gradients\noverride the applyColors function",
            "line": " shapes/Shape.js:18"
        },
        {
            "message": "Missing item type\ndraw the inner of the shape (call one of the draw... functions from\neaseljs/display/Graphics.js)",
            "line": " shapes/Shape.js:85"
        },
        {
            "message": "Missing item type",
            "line": " shapes/Shape.js:111"
        },
        {
            "message": "Missing item type\nbase functions for all themes",
            "line": " skin/Theme.js:14"
        },
        {
            "message": "Missing item type\nset skin for ui component",
            "line": " skin/Theme.js:51"
        },
        {
            "message": "Missing item type\nremove theme from global context",
            "line": " skin/Theme.js:73"
        },
        {
            "message": "Missing item type\nenable or disable mouse wheel support for canvas (e.g. for scroller)\nusing HTML 5 scrolling. will do nothing if it is already activated/\ndeactivated\nbased on http://www.sitepoint.com/html5-javascript-mouse-wheel/",
            "line": " util/mouseWheelSupport.js:4"
        },
        {
            "message": "Missing item type\nthrow an event on the stage that the canvas has been resized.",
            "line": " util/resizeSupport.js:16"
        }
    ]
}